student_id,course_code,classes_held,classes_attended
S1001,CS201,40,32
S1001,CS203,40,36
S1001,MA201,44,40
S1001,CS205,38,35
S1001,CS207,45,41
S1001,HS201,40,36
S1002,CS201,40,31
S1002,CS203,42,30
S1002,MA201,44,31
S1002,CS205,38,27
S1002,CS207,45,32
S1002,HS201,36,25
S1003,CS201,40,30
S1003,CS203,43,34
S1003,MA201,44,35
S1003,CS205,38,30
S1003,CS207,45,36
S1003,HS201,39,31
S1004,CS201,40,29
S1004,CS203,40,40
S1004,MA201,44,44
S1004,CS205,38,38
S1004,CS207,45,45
S1004,HS201,40,40
S1005,CS201,40,22
S1005,CS203,42,28
S1005,MA201,44,30
S1005,CS205,38,23
S1005,CS207,45,28
S1005,HS201,36,22
S1006,CS201,41,35
S1006,CS203,43,37
S1006,MA201,44,38
S1006,CS205,38,33
S1006,CS207,45,39
S1006,HS201,40,34
S1007,CS201,42,31
S1007,CS203,40,30
S1007,MA201,44,33
S1007,CS205,38,28
S1007,CS207,45,34
S1007,HS201,39,29
S1008,CS201,40,28
S1008,CS203,42,30
S1008,MA201,44,31
S1008,CS205,38,27
S1008,CS207,45,32
S1008,HS201,36,26
S1009,CS201,42,38
S1009,CS203,40,36
S1009,MA201,44,40
S1009,CS205,38,35
S1009,CS207,45,41
S1009,HS201,39,35
S1010,CS201,40,32
S1010,CS203,43,35
S1010,MA201,38,31
S1010,CS205,41,33
S1010,CS207,44,36
S1010,HS201,36,29
S1011,CS201,45,44
S1011,CS203,46,45
S1011,MA201,42,41
S1011,CS205,40,39
S1011,CS207,44,43
S1011,HS201,38,37
S1012,CS201,39,30
S1012,CS203,41,32
S1012,MA201,43,34
S1012,CS205,40,31
S1012,CS207,42,33
S1012,HS201,37,28
S1013,CS201,44,40
S1013,CS203,45,32
S1013,MA201,40,28
S1013,CS205,38,27
S1013,CS207,42,30
S1013,HS201,36,26
S1014,CS201,43,38
S1014,CS203,39,34
S1014,MA201,41,36
S1014,CS205,44,39
S1014,CS207,40,35
S1014,HS201,38,33
S1015,CS201,42,24
S1015,CS203,44,25
S1015,MA201,39,23
S1015,CS205,40,24
S1015,CS207,41,25
S1015,HS201,37,22
S1016,CS201,40,36
S1016,CS203,42,35
S1016,MA201,44,37
S1016,CS205,38,31
S1016,CS207,41,34
S1016,HS201,39,32
S1017,EC201,40,32
S1017,EC203,40,38
S1017,MA202,44,42
S1017,EC205,38,36
S1017,EC207,40,39
S1017,HS202,36,35
S1018,EC201,40,36
S1018,EC203,42,38
S1018,MA202,38,35
S1018,EC205,44,40
S1018,EC207,36,33
S1018,HS202,40,36
S1019,EC201,44,40
S1019,EC203,38,28
S1019,MA202,40,30
S1019,EC205,42,31
S1019,EC207,36,27
S1019,HS202,38,28
S1020,EC201,40,38
S1020,EC203,42,40
S1020,MA202,44,42
S1020,EC205,38,36
S1020,EC207,40,38
S1020,HS202,36,35
S1021,EC201,42,38
S1021,EC203,40,34
S1021,MA202,38,33
S1021,EC205,44,36
S1021,EC207,36,30
S1021,HS202,40,34
S1022,EC201,40,39
S1022,EC203,42,41
S1022,MA202,44,43
S1022,EC205,38,37
S1022,EC207,40,39
S1022,HS202,36,35
S1023,EC201,40,36
S1023,EC203,42,26
S1023,MA202,38,23
S1023,EC205,44,27
S1023,EC207,36,22
S1023,HS202,40,25
S1024,EC201,42,24
S1024,EC203,40,23
S1024,MA202,44,25
S1024,EC205,38,22
S1024,EC207,36,21
S1024,HS202,40,23
S1025,EC201,44,40
S1025,EC203,40,36
S1025,MA202,42,38
S1025,EC205,45,41
S1025,EC207,39,35
S1025,HS202,43,39
S1026,EC201,40,34
S1026,EC203,38,33
S1026,MA202,44,38
S1026,EC205,42,36
S1026,EC207,39,33
S1026,HS202,46,40
S1027,EC201,45,40
S1027,EC203,41,30
S1027,MA202,38,27
S1027,EC205,44,32
S1027,EC207,40,28
S1027,HS202,42,31
S1028,EC201,43,24
S1028,EC203,39,25
S1028,MA202,41,26
S1028,EC205,44,27
S1028,EC207,38,22
S1028,HS202,45,26
S1029,EC201,46,44
S1029,EC203,42,40
S1029,MA202,40,38
S1029,EC205,44,42
S1029,EC207,39,38
S1029,HS202,45,44
S1030,EC201,41,35
S1030,EC203,38,33
S1030,MA202,43,37
S1030,EC205,44,38
S1030,EC207,40,34
S1030,HS202,42,36
S1031,EC201,44,40
S1031,EC203,39,28
S1031,MA202,45,33
S1031,EC205,40,29
S1031,EC207,42,30
S1031,HS202,43,31
S1032,EC201,38,34
S1032,EC203,41,33
S1032,MA202,44,35
S1032,EC205,42,34
S1032,EC207,39,31
S1032,HS202,46,37
S1033,CS201,40,34
S1033,CS203,45,40
S1033,MA201,42,38
S1033,CS205,40,38
S1033,CS207,45,41
S1033,HS201,42,39
S1034,CS201,42,40
S1034,CS203,45,42
S1034,MA201,40,38
S1034,CS205,44,42
S1034,CS207,45,43
S1034,HS201,42,41
S1035,CS201,40,36
S1035,CS203,42,38
S1035,MA201,45,41
S1035,CS205,40,38
S1035,CS207,44,42
S1035,HS201,42,40
S1036,CS201,40,34
S1036,CS203,42,35
S1036,MA201,44,39
S1036,CS205,46,42
S1036,CS207,40,36
S1036,HS201,48,40
S1037,CS201,42,38
S1037,CS203,44,42
S1037,MA201,46,41
S1037,CS205,48,45
S1037,CS207,44,42
S1037,HS201,42,41
S1038,CS201,40,32
S1038,CS203,44,38
S1038,MA201,42,35
S1038,CS205,46,39
S1038,CS207,44,37
S1038,HS201,40,33
S1039,CS201,40,34
S1039,CS203,44,38
S1039,MA201,42,39
S1039,CS205,46,42
S1039,CS207,40,36
S1039,HS201,40,35
S1040,CS201,40,38
S1040,CS203,44,41
S1040,MA201,42,40
S1040,CS205,46,44
S1040,CS207,40,37
S1040,HS201,40,39
S1041,CS201,40,37
S1041,CS203,44,40
S1041,MA201,42,39
S1041,CS205,46,43
S1041,CS207,40,38
S1041,HS201,40,36
S1042,CS201,40,36
S1042,CS203,42,38
S1042,MA201,44,40
S1042,CS205,46,42
S1042,CS207,40,36
S1042,HS201,42,39
S1043,CS201,40,38
S1043,CS203,45,42
S1043,MA201,42,39
S1043,CS205,48,45
S1043,CS207,40,38
S1043,HS201,40,36
S1044,CS201,40,36
S1044,CS203,45,42
S1044,MA201,42,39
S1044,CS205,48,45
S1044,CS207,40,37
S1044,HS201,40,35
S1045,CS201,40,35
S1045,CS203,42,39
S1045,MA201,38,34
S1045,CS205,44,41
S1045,CS207,40,37
S1045,HS201,36,33
S1046,CS201,40,36
S1046,CS203,42,38
S1046,MA201,45,40
S1046,CS205,44,38
S1046,CS207,43,37
S1046,HS201,40,32
S1047,CS201,45,38
S1047,CS203,42,37
S1047,MA201,40,36
S1047,CS205,44,40
S1047,CS207,41,36
S1047,HS201,43,39
S1048,CS201,44,40
S1048,CS203,45,43
S1048,MA201,42,41
S1048,CS205,40,38
S1048,CS207,42,41
S1048,HS201,40,39
S1049,EC201,44,40
S1049,EC203,42,38
S1049,MA202,40,36
S1049,EC205,43,40
S1049,EC207,42,39
S1049,HS202,41,37
S1050,EC201,40,32
S1050,EC203,42,35
S1050,MA202,41,34
S1050,EC205,43,38
S1050,EC207,41,36
S1050,HS202,40,33
S1051,EC201,45,38
S1051,EC203,42,37
S1051,MA202,36,33
S1051,EC205,40,36
S1051,EC207,48,43
S1051,HS202,38,34
S1052,EC201,40,35
S1052,EC203,45,39
S1052,MA202,38,35
S1052,EC205,42,37
S1052,EC207,48,42
S1052,HS202,36,33
S1053,EC201,40,34
S1053,EC203,42,38
S1053,MA202,44,42
S1053,EC205,40,36
S1053,EC207,42,38
S1053,HS202,40,36
S1054,EC201,48,43
S1054,EC203,44,40
S1054,MA202,42,39
S1054,EC205,46,42
S1054,EC207,44,41
S1054,HS202,40,38
S1055,EC201,40,35
S1055,EC203,44,40
S1055,MA202,42,39
S1055,EC205,40,36
S1055,EC207,44,41
S1055,HS202,40,37
S1056,EC201,46,40
S1056,EC203,43,37
S1056,MA202,42,39
S1056,EC205,45,40
S1056,EC207,44,42
S1056,HS202,40,38
S1057,EC201,40,36
S1057,EC203,40,36
S1057,MA202,40,37
S1057,EC205,40,37
S1057,EC207,40,38
S1057,HS202,40,39
S1058,EC201,40,36
S1058,EC203,42,38
S1058,MA202,45,42
S1058,EC205,43,39
S1058,EC207,44,41
S1058,HS202,36,34
S1059,EC201,48,42
S1059,EC203,45,38
S1059,MA202,42,39
S1059,EC205,40,36
S1059,EC207,38,32
S1059,HS202,36,32
S1060,EC201,42,38
S1060,EC203,40,38
S1060,MA202,44,42
S1060,EC205,46,44
S1060,EC207,48,46
S1060,HS202,36,36
S1061,EC201,44,38
S1061,EC203,42,37
S1061,MA202,40,35
S1061,EC205,46,42
S1061,EC207,44,40
S1061,HS202,36,34
S1062,EC201,40,34
S1062,EC203,42,38
S1062,MA202,44,40
S1062,EC205,40,37
S1062,EC207,42,41
S1062,HS202,40,39
S1063,EC201,44,42
S1063,EC203,40,39
S1063,MA202,44,43
S1063,EC205,42,40
S1063,EC207,40,38
S1063,HS202,44,43
S1064,EC201,40,37
S1064,EC203,44,42
S1064,MA202,44,40
S1064,EC205,42,41
S1064,EC207,44,43
S1064,HS202,40,39
