course_code,course_name,programme,semester,credits
CS201,Data Structures,B.Tech CSE,3,4
CS203,Discrete Mathematics,B.Tech CSE,3,4
MA201,Mathematics-III,B.Tech CSE,3,4
CS205,Computer Organisation,B.Tech CSE,3,4
CS207,Object Oriented Programming,B.Tech CSE,3,4
HS201,Economics,B.Tech CSE,3,4
EC201,Signals and Systems,B.Tech ECE,3,4
EC203,Analog Electronics,B.Tech ECE,3,4
MA202,Mathematics-III (ECE),B.Tech ECE,3,4
EC205,Digital Electronics,B.Tech ECE,3,4
EC207,Network Theory,B.Tech ECE,3,4
HS202,Economics (ECE),B.Tech ECE,3,4
