student_id,course_code,exam_session,exam_type,internal_marks,external_marks,total_marks,max_marks,result
S1001,CS201,2026-MAY,REGULAR,42,40,82,100,PASS
S1001,CS203,2026-MAY,REGULAR,40,38,78,100,PASS
S1001,MA201,2026-MAY,REGULAR,41,39,80,100,PASS
S1001,CS205,2026-MAY,REGULAR,39,37,76,100,PASS
S1001,CS207,2026-MAY,REGULAR,43,42,85,100,PASS
S1001,HS201,2026-MAY,REGULAR,38,35,73,100,PASS
S1002,CS201,2026-MAY,REGULAR,30,14,44,100,FAIL
S1002,CS203,2026-MAY,REGULAR,32,16,48,100,PASS
S1002,MA201,2026-MAY,REGULAR,28,13,41,100,FAIL
S1002,CS205,2026-MAY,REGULAR,33,15,48,100,PASS
S1002,CS207,2026-MAY,REGULAR,35,17,52,100,PASS
S1002,HS201,2026-MAY,REGULAR,31,14,45,100,FAIL
S1003,CS201,2026-MAY,REGULAR,28,22,50,100,PASS
S1003,CS203,2026-MAY,REGULAR,30,24,54,100,PASS
S1003,MA201,2026-MAY,REGULAR,27,20,47,100,PASS
S1003,CS205,2026-MAY,REGULAR,29,23,52,100,PASS
S1003,CS207,2026-MAY,REGULAR,31,25,56,100,PASS
S1003,HS201,2026-MAY,REGULAR,26,21,47,100,PASS
S1004,CS201,2026-MAY,REGULAR,45,44,89,100,PASS
S1004,CS203,2026-MAY,REGULAR,46,45,91,100,PASS
S1004,MA201,2026-MAY,REGULAR,47,46,93,100,PASS
S1004,CS205,2026-MAY,REGULAR,44,43,87,100,PASS
S1004,CS207,2026-MAY,REGULAR,48,47,95,100,PASS
S1004,HS201,2026-MAY,REGULAR,45,44,89,100,PASS
S1005,CS201,2026-MAY,REGULAR,22,0,22,100,DETAINED
S1005,CS203,2026-MAY,REGULAR,24,13,37,100,FAIL
S1005,MA201,2026-MAY,REGULAR,23,14,37,100,FAIL
S1005,CS205,2026-MAY,REGULAR,25,15,40,100,PASS
S1005,CS207,2026-MAY,REGULAR,26,13,39,100,FAIL
S1005,HS201,2026-MAY,REGULAR,21,12,33,100,FAIL
S1006,CS201,2026-MAY,REGULAR,30,14,44,100,FAIL
S1006,CS203,2026-MAY,REGULAR,39,36,75,100,PASS
S1006,MA201,2026-MAY,REGULAR,37,34,71,100,PASS
S1006,CS205,2026-MAY,REGULAR,36,33,69,100,PASS
S1006,CS207,2026-MAY,REGULAR,40,38,78,100,PASS
S1006,HS201,2026-MAY,REGULAR,38,35,73,100,PASS
S1007,CS201,2026-MAY,REGULAR,15,19,34,100,FAIL
S1007,CS203,2026-MAY,REGULAR,32,22,54,100,PASS
S1007,MA201,2026-MAY,REGULAR,30,21,51,100,PASS
S1007,CS205,2026-MAY,REGULAR,31,23,54,100,PASS
S1007,CS207,2026-MAY,REGULAR,34,24,58,100,PASS
S1007,HS201,2026-MAY,REGULAR,32,22,54,100,PASS
S1008,CS201,2026-MAY,REGULAR,28,19,47,100,PASS
S1008,CS203,2026-MAY,REGULAR,27,20,47,100,PASS
S1008,MA201,2026-MAY,REGULAR,26,0,26,100,ABSENT
S1008,CS205,2026-MAY,REGULAR,25,19,44,100,PASS
S1008,CS207,2026-MAY,REGULAR,29,21,50,100,PASS
S1008,HS201,2026-MAY,REGULAR,27,20,47,100,PASS
S1009,CS201,2026-MAY,REGULAR,12,10,22,100,FAIL
S1009,CS203,2026-MAY,REGULAR,12,10,22,100,FAIL
S1009,MA201,2026-MAY,REGULAR,12,10,22,100,FAIL
S1009,CS205,2026-MAY,REGULAR,37,33,70,100,PASS
S1009,CS207,2026-MAY,REGULAR,40,36,76,100,PASS
S1009,HS201,2026-MAY,REGULAR,35,30,65,100,PASS
S1010,CS201,2026-MAY,REGULAR,34,28,62,100,PASS
S1010,CS203,2026-MAY,REGULAR,14,12,26,100,FAIL
S1010,MA201,2026-MAY,REGULAR,32,26,58,100,PASS
S1010,CS205,2026-MAY,REGULAR,33,29,62,100,PASS
S1010,CS207,2026-MAY,REGULAR,35,30,65,100,PASS
S1010,HS201,2026-MAY,REGULAR,31,25,56,100,PASS
S1011,CS201,2026-MAY,REGULAR,45,45,90,100,PASS
S1011,CS203,2026-MAY,REGULAR,44,44,88,100,PASS
S1011,MA201,2026-MAY,REGULAR,43,42,85,100,PASS
S1011,CS205,2026-MAY,REGULAR,42,41,83,100,PASS
S1011,CS207,2026-MAY,REGULAR,44,44,88,100,PASS
S1011,HS201,2026-MAY,REGULAR,40,39,79,100,PASS
S1012,CS201,2026-MAY,REGULAR,30,22,52,100,PASS
S1012,CS203,2026-MAY,REGULAR,31,23,54,100,PASS
S1012,MA201,2026-MAY,REGULAR,32,24,56,100,PASS
S1012,CS205,2026-MAY,REGULAR,30,22,52,100,PASS
S1012,CS207,2026-MAY,REGULAR,31,23,54,100,PASS
S1012,HS201,2026-MAY,REGULAR,29,21,50,100,PASS
S1013,CS201,2026-MAY,REGULAR,28,14,42,100,FAIL
S1013,CS203,2026-MAY,REGULAR,27,13,40,100,FAIL
S1013,MA201,2026-MAY,REGULAR,29,12,41,100,FAIL
S1013,CS205,2026-MAY,REGULAR,26,13,39,100,FAIL
S1013,CS207,2026-MAY,REGULAR,28,14,42,100,FAIL
S1013,HS201,2026-MAY,REGULAR,27,13,40,100,FAIL
S1014,CS201,2026-MAY,REGULAR,36,30,66,100,PASS
S1014,CS203,2026-MAY,REGULAR,35,29,64,100,PASS
S1014,MA201,2026-MAY,REGULAR,34,28,62,100,PASS
S1014,CS205,2026-MAY,REGULAR,36,31,67,100,PASS
S1014,CS207,2026-MAY,REGULAR,35,30,65,100,PASS
S1014,HS201,2026-MAY,REGULAR,33,27,60,100,PASS
S1015,CS201,2026-MAY,REGULAR,22,0,22,100,DETAINED
S1015,CS203,2026-MAY,REGULAR,21,0,21,100,DETAINED
S1015,MA201,2026-MAY,REGULAR,20,0,20,100,DETAINED
S1015,CS205,2026-MAY,REGULAR,21,9,30,100,FAIL
S1015,CS207,2026-MAY,REGULAR,22,10,32,100,FAIL
S1015,HS201,2026-MAY,REGULAR,20,0,20,100,DETAINED
S1016,CS201,2026-MAY,REGULAR,33,25,58,100,PASS
S1016,CS203,2026-MAY,REGULAR,34,26,60,100,PASS
S1016,MA201,2026-MAY,REGULAR,35,27,62,100,PASS
S1016,CS205,2026-MAY,REGULAR,33,24,57,100,PASS
S1016,CS207,2026-MAY,REGULAR,34,26,60,100,PASS
S1016,HS201,2026-MAY,REGULAR,32,23,55,100,PASS
S1017,EC201,2026-MAY,REGULAR,38,42,80,100,PASS
S1017,EC203,2026-MAY,REGULAR,36,40,76,100,PASS
S1017,MA202,2026-MAY,REGULAR,39,41,80,100,PASS
S1017,EC205,2026-MAY,REGULAR,37,43,80,100,PASS
S1017,EC207,2026-MAY,REGULAR,35,44,79,100,PASS
S1017,HS202,2026-MAY,REGULAR,34,40,74,100,PASS
S1018,EC201,2026-MAY,REGULAR,34,38,72,100,PASS
S1018,EC203,2026-MAY,REGULAR,33,36,69,100,PASS
S1018,MA202,2026-MAY,REGULAR,35,37,72,100,PASS
S1018,EC205,2026-MAY,REGULAR,32,35,67,100,PASS
S1018,EC207,2026-MAY,REGULAR,31,34,65,100,PASS
S1018,HS202,2026-MAY,REGULAR,30,33,63,100,PASS
S1019,EC201,2026-MAY,REGULAR,28,30,58,100,PASS
S1019,EC203,2026-MAY,REGULAR,27,28,55,100,PASS
S1019,MA202,2026-MAY,REGULAR,29,31,60,100,PASS
S1019,EC205,2026-MAY,REGULAR,26,29,55,100,PASS
S1019,EC207,2026-MAY,REGULAR,25,27,52,100,PASS
S1019,HS202,2026-MAY,REGULAR,24,26,50,100,PASS
S1020,EC201,2026-MAY,REGULAR,37,41,78,100,PASS
S1020,EC203,2026-MAY,REGULAR,36,40,76,100,PASS
S1020,MA202,2026-MAY,REGULAR,38,42,80,100,PASS
S1020,EC205,2026-MAY,REGULAR,35,39,74,100,PASS
S1020,EC207,2026-MAY,REGULAR,34,38,72,100,PASS
S1020,HS202,2026-MAY,REGULAR,33,37,70,100,PASS
S1021,EC201,2026-MAY,REGULAR,30,32,62,100,PASS
S1021,EC203,2026-MAY,REGULAR,29,31,60,100,PASS
S1021,MA202,2026-MAY,REGULAR,28,30,58,100,PASS
S1021,EC205,2026-MAY,REGULAR,27,29,56,100,PASS
S1021,EC207,2026-MAY,REGULAR,26,28,54,100,PASS
S1021,HS202,2026-MAY,REGULAR,25,27,52,100,PASS
S1022,EC201,2026-MAY,REGULAR,39,44,83,100,PASS
S1022,EC203,2026-MAY,REGULAR,38,43,81,100,PASS
S1022,MA202,2026-MAY,REGULAR,37,42,79,100,PASS
S1022,EC205,2026-MAY,REGULAR,36,41,77,100,PASS
S1022,EC207,2026-MAY,REGULAR,35,40,75,100,PASS
S1022,HS202,2026-MAY,REGULAR,34,39,73,100,PASS
S1023,EC201,2026-MAY,REGULAR,20,12,32,100,FAIL
S1023,EC203,2026-MAY,REGULAR,19,13,32,100,FAIL
S1023,MA202,2026-MAY,REGULAR,18,14,32,100,FAIL
S1023,EC205,2026-MAY,REGULAR,17,13,30,100,FAIL
S1023,EC207,2026-MAY,REGULAR,16,12,28,100,FAIL
S1023,HS202,2026-MAY,REGULAR,15,13,28,100,FAIL
S1024,EC201,2026-MAY,REGULAR,22,0,22,100,DETAINED
S1024,EC203,2026-MAY,REGULAR,21,0,21,100,DETAINED
S1024,MA202,2026-MAY,REGULAR,20,0,20,100,DETAINED
S1024,EC205,2026-MAY,REGULAR,19,0,19,100,DETAINED
S1024,EC207,2026-MAY,REGULAR,18,0,18,100,DETAINED
S1024,HS202,2026-MAY,REGULAR,17,0,17,100,DETAINED
S1025,EC201,2026-MAY,REGULAR,42,44,86,100,PASS
S1025,EC203,2026-MAY,REGULAR,40,41,81,100,PASS
S1025,MA202,2026-MAY,REGULAR,38,39,77,100,PASS
S1025,EC205,2026-MAY,REGULAR,41,43,84,100,PASS
S1025,EC207,2026-MAY,REGULAR,39,40,79,100,PASS
S1025,HS202,2026-MAY,REGULAR,40,38,78,100,PASS
S1026,EC201,2026-MAY,REGULAR,35,32,67,100,PASS
S1026,EC203,2026-MAY,REGULAR,34,30,64,100,PASS
S1026,MA202,2026-MAY,REGULAR,36,33,69,100,PASS
S1026,EC205,2026-MAY,REGULAR,38,35,73,100,PASS
S1026,EC207,2026-MAY,REGULAR,33,31,64,100,PASS
S1026,HS202,2026-MAY,REGULAR,37,34,71,100,PASS
S1027,EC201,2026-MAY,REGULAR,28,22,50,100,PASS
S1027,EC203,2026-MAY,REGULAR,30,20,50,100,PASS
S1027,MA202,2026-MAY,REGULAR,27,18,45,100,PASS
S1027,EC205,2026-MAY,REGULAR,29,21,50,100,PASS
S1027,EC207,2026-MAY,REGULAR,26,19,45,100,PASS
S1027,HS202,2026-MAY,REGULAR,28,22,50,100,PASS
S1028,EC201,2026-MAY,REGULAR,20,0,20,100,DETAINED
S1028,EC203,2026-MAY,REGULAR,22,13,35,100,FAIL
S1028,MA202,2026-MAY,REGULAR,23,14,37,100,FAIL
S1028,EC205,2026-MAY,REGULAR,21,13,34,100,FAIL
S1028,EC207,2026-MAY,REGULAR,19,0,19,100,DETAINED
S1028,HS202,2026-MAY,REGULAR,20,0,20,100,DETAINED
S1029,EC201,2026-MAY,REGULAR,45,48,93,100,PASS
S1029,EC203,2026-MAY,REGULAR,44,46,90,100,PASS
S1029,MA202,2026-MAY,REGULAR,43,45,88,100,PASS
S1029,EC205,2026-MAY,REGULAR,44,47,91,100,PASS
S1029,EC207,2026-MAY,REGULAR,45,48,93,100,PASS
S1029,HS202,2026-MAY,REGULAR,46,49,95,100,PASS
S1030,EC201,2026-MAY,REGULAR,38,36,74,100,PASS
S1030,EC203,2026-MAY,REGULAR,37,35,72,100,PASS
S1030,MA202,2026-MAY,REGULAR,36,34,70,100,PASS
S1030,EC205,2026-MAY,REGULAR,37,33,70,100,PASS
S1030,EC207,2026-MAY,REGULAR,35,32,67,100,PASS
S1030,HS202,2026-MAY,REGULAR,36,34,70,100,PASS
S1031,EC201,2026-MAY,REGULAR,30,25,55,100,PASS
S1031,EC203,2026-MAY,REGULAR,28,22,50,100,PASS
S1031,MA202,2026-MAY,REGULAR,29,24,53,100,PASS
S1031,EC205,2026-MAY,REGULAR,27,23,50,100,PASS
S1031,EC207,2026-MAY,REGULAR,28,22,50,100,PASS
S1031,HS202,2026-MAY,REGULAR,29,24,53,100,PASS
S1032,EC201,2026-MAY,REGULAR,33,28,61,100,PASS
S1032,EC203,2026-MAY,REGULAR,34,30,64,100,PASS
S1032,MA202,2026-MAY,REGULAR,35,31,66,100,PASS
S1032,EC205,2026-MAY,REGULAR,34,29,63,100,PASS
S1032,EC207,2026-MAY,REGULAR,33,28,61,100,PASS
S1032,HS202,2026-MAY,REGULAR,34,30,64,100,PASS
S1010,CS203,2026-JUL,REGULAR,30,27,57,100,PASS
