student_id,full_name,programme,batch_year,current_semester,cgpa,active_backlogs
S1001,Aarav Singh,B.Tech CSE,2023,7,8.45,0
S1002,Ishita Patel,B.Tech CSE,2023,7,7.12,3
S1003,Rohan Mehta,B.Tech CSE,2023,7,6.55,0
S1004,Sneha Sharma,B.Tech CSE,2023,7,9.2,0
S1005,Karan Joshi,B.Tech CSE,2023,7,5.8,5
S1006,Priya Nair,B.Tech CSE,2023,7,8.0,1
S1007,Vikram Rao,B.Tech CSE,2023,7,7.75,1
S1008,Ananya Gupta,B.Tech CSE,2023,7,6.3,1
S1009,Aarav Mehta,B.Tech CSE,2024,5,8.45,3
S1010,Nisha Sharma,B.Tech CSE,2024,5,7.8,0
S1011,Rohan Patel,B.Tech CSE,2024,5,5.0,0
S1012,Priya Iyer,B.Tech CSE,2024,5,8.5,0
S1013,Karan Singh,B.Tech CSE,2024,5,5.6,6
S1014,Ananya Rao,B.Tech CSE,2024,5,8.1,0
S1015,Dev Joshi,B.Tech CSE,2024,5,5.2,6
S1016,Meera Kulkarni,B.Tech CSE,2024,5,7.35,0
S1017,Aarav Mehta,B.Tech ECE,2023,7,8.45,0
S1018,Kavya Singh,B.Tech ECE,2023,7,8.1,0
S1019,Rohan Patel,B.Tech ECE,2023,7,7.85,0
S1020,Sneha Rao,B.Tech ECE,2023,7,8.3,0
S1021,Vikram Nair,B.Tech ECE,2023,7,7.6,0
S1022,Ananya Sharma,B.Tech ECE,2023,7,8.0,0
S1023,Deepak Joshi,B.Tech ECE,2023,7,6.2,6
S1024,Priya Kulkarni,B.Tech ECE,2023,7,5.7,6
S1025,Aarav Patel,B.Tech ECE,2024,5,8.75,0
S1026,Priya Sharma,B.Tech ECE,2024,5,8.2,0
S1027,Rohan Singh,B.Tech ECE,2024,5,7.55,0
S1028,Sneha Gupta,B.Tech ECE,2024,5,7.1,6
S1029,Karan Desai,B.Tech ECE,2024,5,8.9,0
S1030,Meera Iyer,B.Tech ECE,2024,5,8.4,0
S1031,Arjun Rao,B.Tech ECE,2024,5,7.8,0
S1032,Nisha Kapoor,B.Tech ECE,2024,5,8.0,0
S1033,Rahul Sharma,B.Tech CSE,2025,3,7.12,0
S1034,Priya Singh,B.Tech CSE,2025,3,8.25,0
S1035,Amit Kumar,B.Tech CSE,2025,3,6.85,0
S1036,Aarushi Singh,B.Tech CSE,2025,3,7.12,0
S1037,Rohit Kumar,B.Tech CSE,2025,3,8.56,0
S1038,Sneha Joshi,B.Tech CSE,2025,3,6.95,0
S1039,Rajesh Kumar,B.Tech CSE,2025,3,7.12,0
S1040,Sneha Patel,B.Tech CSE,2025,3,8.05,0
S1041,Amit Verma,B.Tech CSE,2025,3,7.83,0
S1042,Ravi Patel,B.Tech CSE,2025,3,6.98,0
S1043,Priya Gupta,B.Tech CSE,2025,3,8.45,0
S1044,Rajesh Patil,B.Tech CSE,2025,3,7.8,0
S1045,Rahul Singh,B.Tech CSE,2025,3,6.54,0
S1046,Rahul Kumar,B.Tech CSE,2025,3,7.34,0
S1047,Rajesh Singh,B.Tech CSE,2025,3,7.34,0
S1048,Pooja Pathak,B.Tech CSE,2025,3,8.34,0
S1049,Shruti Sharma,B.Tech ECE,2025,3,7.8,0
S1050,Vivek Joshi,B.Tech ECE,2025,3,6.9,0
S1051,Avinash Kumar,B.Tech ECE,2025,3,7.34,0
S1052,Rahul Joshi,B.Tech ECE,2025,3,7.26,0
S1053,Rahul Verma,B.Tech ECE,2025,3,7.12,0
S1054,Neha Sharma,B.Tech ECE,2025,3,8.0,0
S1055,Sandeep Yadav,B.Tech ECE,2025,3,6.85,0
S1056,Ankit Patel,B.Tech ECE,2025,3,7.89,0
S1057,Abhishek Singh,B.Tech ECE,2025,3,7.54,0
S1058,Rohit Sharma,B.Tech ECE,2025,3,7.12,0
S1059,Amit Patel,B.Tech ECE,2025,3,7.12,0
S1060,Priya Jain,B.Tech ECE,2025,3,8.34,0
S1061,Saurabh Patel,B.Tech ECE,2025,3,6.98,0
S1062,Ravi Sharma,B.Tech ECE,2025,3,7.12,0
S1063,Aarti Singh,B.Tech ECE,2025,3,7.36,0
S1064,Mohit Kumar,B.Tech ECE,2025,3,6.98,0
