doc_id,title,issuer,authority_level,doc_type,version,effective_from,effective_to,supersedes,scope_programmes,scope_batches,provenance,retrieved_on,synthetic,filename
NSUT-ORD2-GAZ-2020,"Ordinance for UG and PG Programmes of the University (Ordinance-II), Delhi Gazette Extraordinary Part IV No.122, F.No.220(52)/2020/ESTT/NSUT/110 dt 29.06.2020",Board of Management NSUT (published in Delhi Gazette by GNCTD),1,ordinance (gazette notification; Hindi + English),Ordinance-II as gazetted 02.07.2020,2019-20,,,All NSUT Bachelor's/Master's programmes except those with separate ordinance,Admitted 2019-20 onwards,https://drive.google.com/file/d/1bWZ9fn3ve9jfRYCvQhDUc8rF9Zi6Ae-Q/view (linked from https://www.nsut.ac.in/en/act-statutes-ordinances),2026-10-06,N,NSUT_Ordinance_II_Gazette_2020.pdf
NSUT-ORD2-COPY,"Ordinance for Undergraduate and Post-Graduate Programmes of the University, Ordinance-II (university copy, undated)",NSUT (Board of Management),1,ordinance (plain copy),UNSURE (undated; text matches 2020 gazette English part),2019-20,,,All NSUT Bachelor's/Master's programmes except those with separate ordinance,Admitted 2019-20 onwards,https://drive.google.com/file/d/1CTYQr6_46Jriqad87lchZq0CXWwATt6c/view (linked from nsut.ac.in/en/act-statutes-ordinances and /en/educational-programmes),2026-10-06,N,NSUT_Ordinance_UG_PG.pdf
NSUT-BTECH-REG-2019,Regulations for Undergraduate Programme of Bachelor of Technology (NSUT Regulations-2019-I(A)),NSUT Senate / Board of Management,1,regulation,2019-I(A) (Senate/BoM meeting dates left blank in PDF),2019-20,,,B.Tech (all branches),Admitted 2019-20 onwards (UNSURE whether still applied unchanged to 2025-26 batches),https://drive.google.com/file/d/1CW5WiUt2DGhRRmf-AXastkHqeBC4_5d6/view (linked from nsut.ac.in/en/act-statutes-ordinances),2026-10-06,N,NSUT_BTech_Regulations.pdf
NSUT-PHD-ORD3-GAZ-2022,"Ordinance for Ph.D. Programme of the University (Ordinance-III / Ph.D. Ordinance-2022), Delhi Gazette 10.10.2022, F.No.4/BOM-13/NSUT/2022/1154 dt 21.09.2022",Board of Management NSUT (Delhi Gazette),1,ordinance (gazette notification; Hindi + English),Ordinance-III (2022); NOTE website label says 'Ordinance-II published 19 Dec 2022',2022-23,,UNSURE (likely earlier Ph.D. Admissions Ordinance 2019),Ph.D. only,Admitted 2022-23 onwards,https://drive.google.com/file/d/1gYrIWIgnsS4l6RBiqy-BF_UAwNy1e9du/view (linked from nsut.ac.in/en/act-statutes-ordinances),2026-10-06,N,NSUT_PhD_Ordinance_III_Gazette_2022.pdf
NSUT-FEE-2025-26,"Notification: Annual Fee of all programmes for students taking admission in Academic Session 2025-26, F.No.220(558)/AnnualFeeStructure/2025/Acad/NSUT/857 dt 14.07.2025",Assistant Registrar (Academics) NSUT,2,fee notification (scanned; tables),2025-26,2025-26,,UNSURE (fee notice for 2024-25 admissions exists on site; not downloaded),"B.Tech/B.Des, B.Tech DASA/CIWG, BBA/BBA-IEV, B.Arch, M.Tech, MBA/MBA-IEV, MBA-I, M.Sc, MA, Ph.D; re-registration; annual fee policy",Admitted 2025-26 (year-wise fees through 2028-29),https://drive.google.com/file/d/1uayccnPvMdwBCu_qrWvWpmAnmXQcodj3/view (linked from http://nsut.ac.in/en/annual-fee-stucture),2026-10-06,N,NSUT_Fee_Structure_2025-26.pdf
NSUT-FEE-2026-27,"Notification: Annual Fee of all programmes for students taking admission in Academic Session 2026-27, F.No.220(558)/AnnualFeeStructure/2025/Acad/NSUT/147 dt 14.05.2026",Assistant Registrar (Academics) NSUT,2,fee notification (scanned CamScanner; tables),2026-27,2026-27,,"NSUT-FEE-2025-26 only for policy sections (re-registration, annual fee policy) - UNSURE; batch-specific fee tables do not supersede","B.Tech/B.Des, B.Tech Lateral Entry, B.Tech DASA/CIWG, BBA(Hons), B.Arch, M.Tech, MBA/MBA-IEV, MBA-I, M.Sc, MA, Ph.D; re-registration/summer; annual fee policy; withdrawal/refund policy",Admitted 2026-27 (year-wise fees through 2029-30),https://drive.google.com/file/d/11iCdBponIqMugJsa_LPB75hS2zx6-MJ4/view (linked from http://nsut.ac.in/en/annual-fee-stucture),2026-10-06,N,NSUT_Fee_Structure_2026-27.pdf
NSUT-CIRC-ADM-2025,"Circular: B.Tech./B.Arch. First Semester Students - Academic Year 2025-26, File No.208(160)/B.Tech. Admission/2025/NSUT/164 dt 23.07.2025",Chairman Admissions-2025 NSUT,2,circular,2025-26,2025-07-23,2025-08-04 (UNSURE; one-time schedule),,B.Tech and B.Arch first semester,Admitted 2025-26,https://drive.google.com/file/d/1Lyma04d7z-C_clXLg_uR2qvxM1gB52EA/view (linked from nsut.ac.in home page news),2026-10-06,N,NSUT_Circular_New_BTech_BArch_2025-26.pdf
NSUT-DHTESS-2023-24,"Notification: Delhi Higher & Technical Education Support Scheme scholarship for AY 2023-24, F.No.220(352)/DHTESS/2023-24/Acad/NSUT/Vol.III/725 dt 02.07.2025",Assistant Registrar (Academics) NSUT,2,scholarship notification (scanned; table),AY 2023-24 cycle,2025-07-01,2025-08-10,,All UG (Delhi-resident; scheme is for UG),Batches 2020-21 to 2023-24 (per clause 9),https://drive.google.com/file/d/13_iWCCp52JVXnaA5RiAYZyTEmRWU5M5g/view (linked from nsut.ac.in home page news),2026-10-06,N,NSUT_DHTESS_Scholarship_2023-24.pdf
NSUT-DHTESS-2024-25,"E-District Notification: DHTESS timeline 2024-25, F.No.220(352)/DHTESS/2024-25/Acad/NSUT/Vol.IV/1632 dt 24.11.2025, with enclosed GNCTD Directorate of Higher Education scheme guidelines",Assistant Registrar (Academics) NSUT (p1); GNCTD Directorate of Higher Education (pp2-6 scheme document),2,scholarship notification + govt scheme guidelines (p1 text; pp2-6 scanned),AY 2024-25 cycle,2025-11-01,2025-12-12,NSUT-DHTESS-2023-24 (UNSURE - different AY cycle),UG in Delhi state public universities,UNSURE,https://drive.google.com/file/d/13UDOBLo-s0TUXdxepI73BCGRoOkYS5Qi/view (linked from nsut.ac.in home page news),2026-10-06,N,NSUT_DHTESS_Notification_A.pdf
SYN-CIRC-ATT-2026,Circular: Revision of minimum attendance (SYNTHETIC),Office of the Dean (Academics),2,circular,1,2026-08-01,,NSUT-BTECH-REG-2019#11.2,B.Tech,ALL,created by team,2026-10-06,Y,SYN-CIRC-ATT-2026.md
SYN-FAQ-ATT-2026,CSE Department help-desk FAQ (SYNTHETIC),Department of CSE,4,faq,1,2026-09-15,,,B.Tech CSE,ALL,created by team,2026-10-06,Y,SYN-FAQ-ATT-2026.md
